"1","1","2ndprogressreport","1",NULL,"2016-02-27 09:40:36","2016-02-23 14:42:19"
"2","5","rejected_2ndprogressreport","1",NULL,"2016-02-27 09:42:28","2016-02-23 14:50:08"
"3","7","approved_2ndprogressreport","1",NULL,"2016-02-27 09:42:37","2016-02-23 15:33:15"
"1","หน้าบุ๊คแบ้งค์สหกรณ์ออมทรัพย์ มหาวิทยาลัยธรรมศาสตร์",NULL,"2016-02-23 14:41:10","2016-02-23 14:41:10"
"2","สัญญารับทุน",NULL,"2016-02-23 14:41:10","2016-02-23 14:41:10"
"3","บันทึกนำส่งครั้งที่ 1",NULL,"2016-02-23 14:41:10","2016-02-23 14:41:10"
"4","สำเนาสัญญา",NULL,"2016-02-23 14:41:10","2016-02-23 14:41:10"
"5","บุ๊คแบ๊งค์",NULL,"2016-02-23 14:41:10","2016-02-23 14:41:10"
"6","หนังสือรับรองจริยธรรมการวิจัยในคน",NULL,"2016-02-23 14:41:10","2016-02-23 14:41:10"
"7","บันทึกนำส่งครั้งที่ 2",NULL,"2016-02-23 14:41:10","2016-02-23 14:41:10"
"8","รายงานความก้าวหน้าครั้งที่ 1",NULL,"2016-02-23 14:41:10","2016-02-23 14:41:10"
"9","หลักฐานการเบิกจ่ายงวดที่ 1 พร้อมตารางสรุปค่าใช้จ่าย",NULL,"2016-02-23 14:41:10","2016-02-23 14:41:10"
"10","บันทึกนำส่งครั้งที่ 2",NULL,"2016-02-23 14:41:10","2016-02-23 14:41:10"
"11","รายงานความก้าวหน้าครั้งที่ 2",NULL,"2016-02-23 14:41:10","2016-02-23 14:41:10"
"12","บันทึกนำส่งครั้งที่ 3",NULL,"2016-02-23 14:41:10","2016-02-23 14:41:10"
"13","รายงานความก้าวหน้าครั้งที่ 3",NULL,"2016-02-23 14:41:10","2016-02-23 14:41:10"
"14","บันทึกขอขยายเวลา",NULL,"2016-02-23 14:41:10","2016-02-23 14:41:10"
"15","รายงานความก้าวหน้าครั้งที่ 4",NULL,"2016-02-23 14:41:10","2016-02-23 14:41:10"
"16","รายงานวิจัยบางส่วน",NULL,"2016-02-23 14:41:11","2016-02-23 14:41:11"
"17","บันทึกขอปิดโครงการ",NULL,"2016-02-23 14:41:11","2016-02-23 14:41:11"
"18","รายงานวิจัยฉบับสมบูรณ์",NULL,"2016-02-23 14:41:11","2016-02-23 14:41:11"
"19","Manuscript",NULL,"2016-02-23 14:41:11","2016-02-23 14:41:11"
"20","หลักฐานตอบรับการตีพิมพ์",NULL,"2016-02-23 14:41:11","2016-02-23 14:41:11"
"21","หลักฐานการเบิกเงินงวดที่ 2 และ 3 พร้อมตารางสรุปค่าใช้จ่าย",NULL,"2016-02-23 14:41:11","2016-02-23 14:41:11"
"1","ทุนพระราชทาน 1","รายละเอียดของทุนพระราชทาน 1",,"2016-02-01","2016-02-19","2016-02-01","2016-02-19","2016-02-19","1",NULL,"2016-02-22 20:05:38","2016-02-22 12:37:26"
"2","ทุนพระราชทาน 2","รายละเอียดของทุนพระราชทาน 2",,"2016-02-11","2016-02-21","2016-02-11","2016-02-21","2016-02-21","1",NULL,"2016-02-22 19:09:10","2016-02-22 11:30:20"
"3","ทุนพระราชทาน 3","รายละเอียดของทุนพระราชทาน 3",,"2016-02-22","2016-02-28","2016-02-23","2016-02-29","2016-03-01","1",NULL,"2016-02-22 18:30:04","2016-02-22 11:22:23"
"4","ทุนพระราชทาน 4","รายละเอียดของทุนพระราชทาน 4",,"2016-02-22","2016-02-28","2016-02-23","2016-02-29","2016-03-01","1",NULL,"2016-02-22 09:28:03","2016-02-22 09:28:03"
"5","ทุนพระราชทาน 5","รายละเอียดของทุนพระราชทาน 5",,"2016-02-22","2016-02-28","2016-02-23","2016-02-29","2016-03-01","1",NULL,"2016-02-22 09:28:03","2016-02-22 09:28:03"
"6","ทุนพระราชทาน 6","รายละเอียดของทุนพระราชทาน 6",,"2016-02-22","2016-02-28","2016-02-23","2016-02-29","2016-03-01","1",NULL,"2016-02-22 09:28:03","2016-02-22 09:28:03"
"7","ทุนพระราชทาน 7","รายละเอียดของทุนพระราชทาน 7",,"2016-02-22","2016-02-28","2016-02-23","2016-02-29","2016-03-01","1",NULL,"2016-02-22 09:28:03","2016-02-22 09:28:03"
"8","ทุนพระราชทาน 8","รายละเอียดของทุนพระราชทาน 8",,"2016-02-22","2016-02-28","2016-02-23","2016-02-29","2016-03-01","1",NULL,"2016-02-22 09:28:03","2016-02-22 09:28:03"
"9","ทุนพระราชทาน 9","รายละเอียดของทุนพระราชทาน 9",,"2016-02-22","2016-02-28","2016-02-23","2016-02-29","2016-03-01","1",NULL,"2016-02-22 09:28:03","2016-02-22 09:28:03"
"10","ทุนพระราชทาน 10","รายละเอียดของทุนพระราชทาน 10",,"2016-03-01","2016-03-31","2016-03-01","2016-03-31","2016-03-31","1",NULL,"2016-02-22 16:40:54","2016-02-22 09:28:03"
"1","ธนากิจ","อังกูรทืพย์","1234",NULL,"2016-02-23 21:12:18","2016-02-23 21:12:18"
